prev_event,curr_event,segment,description,intensity,intensity_per_km,distinct_pairs,peak_congestion,peak_congestion_ratio,total_prev,total_curr,first_overlap_time,first_overlap_km
10K,Half,0.00km–2.74km,Start to Friel,7370,2689.78102189781,1050,234,0.15294117647058825,618,912,07:47:04,2.24
10K,Half,5.81km–8.10km,Friel to Station/Barker,1133247,494867.6855895196,42299,1250,0.8169934640522876,618,912,07:59:54,5.81
Full,10K,0.00km–4.25km,Full start to 10K turn,295,69.41176470588235,39,24,0.02434077079107505,368,618,07:31:31,3.70
Full,10K,16.00km–20.52km,Full/10K Friel to Queen Sq. Loop,649693,143737.38938053098,9811,823,0.834685598377282,368,618,08:13:04,16.06
Full,Half,23.24km–29.03km,Barker/Station to McGloin via Gibson,799449,138074.09326424863,14857,959,0.74921875,368,912,09:02:24,23.24
Full,Half,29.03km–37.00km,Bridge/Mill to/back Tree Farm,1160834,145650.43914680052,16591,1022,0.7984375,368,912,09:23:13,29.03
Full,Half,37.00km–42.20km,Bridge/Mill to Finish,718899,138249.80769230763,10061,1027,0.80234375,368,912,09:52:03,37.00
